{
  "hash": "9a4568df",
  "browserHash": "1ddbddda",
  "optimized": {
    "@angular/common": {
      "src": "../../../../../node_modules/@angular/common/fesm2022/common.mjs",
      "file": "@angular_common.js",
      "fileHash": "5f7152b9",
      "needsInterop": false
    },
    "@angular/core": {
      "src": "../../../../../node_modules/@angular/core/fesm2022/core.mjs",
      "file": "@angular_core.js",
      "fileHash": "52a8330c",
      "needsInterop": false
    },
    "@angular/platform-browser": {
      "src": "../../../../../node_modules/@angular/platform-browser/fesm2022/platform-browser.mjs",
      "file": "@angular_platform-browser.js",
      "fileHash": "c3335383",
      "needsInterop": false
    },
    "@angular/router": {
      "src": "../../../../../node_modules/@angular/router/fesm2022/router.mjs",
      "file": "@angular_router.js",
      "fileHash": "db734de5",
      "needsInterop": false
    },
    "@angular/forms": {
      "src": "../../../../../node_modules/@angular/forms/fesm2022/forms.mjs",
      "file": "@angular_forms.js",
      "fileHash": "2c184e40",
      "needsInterop": false
    }
  },
  "chunks": {
    "chunk-HFMJYUOM": {
      "file": "chunk-HFMJYUOM.js"
    },
    "chunk-ZX2BSK4W": {
      "file": "chunk-ZX2BSK4W.js"
    },
    "chunk-63TKGN5U": {
      "file": "chunk-63TKGN5U.js"
    }
  }
}